wvl,R,u_panel,u_plot,u_roi,u_total
444.0,0.0232774,0.0,9.53841e-05,0.000534529,0.0005429727234
475.0,0.0336529,0.0,7.96809e-05,0.000464851,0.0004716306797
531.0,0.0431519,0.0,0.000114254,0.000553591,0.0005652583231
560.0,0.0481045,0.0,0.000138458,0.000599772,0.0006155461557
842.0,0.458215,0.0,0.000914178,0.00208915,0.002280409862
650.0,0.0368326,0.0,0.000210148,0.00120831,0.001226448221
668.0,0.0384937,0.0,0.000212432,0.00119109,0.001209885425
705.0,0.139392,0.0,0.000271571,0.000792616,0.0008378489909
717.0,0.0862781,0.0,0.000233018,0.00109126,0.001115861002
740.0,0.300448,0.0,0.000599929,0.000856629,0.001045814538
