wvl,R_WP1,R_WP2
400.0,0.008724,0.0081849
401.0,0.00881402,0.00826487
402.0,0.00890921,0.00835139
403.0,0.00901264,0.00846698
404.0,0.00912899,0.00853207
405.0,0.00925262,0.00869961
406.0,0.00939196,0.00879652
407.0,0.0095486,0.0089399
408.0,0.00971241,0.00912613
409.0,0.00986357,0.00921429
410.0,0.010032909397507,0.00943737
411.0,0.0102072442968483,0.00953824
412.0,0.0103833898057414,0.00968302
413.0,0.0105838882919747,0.00996696
414.0,0.0107905549724274,0.0100915334473815
415.0,0.010986766436667,0.0102722967127582
416.0,0.0111993451466427,0.0104664985060391
417.0,0.0114137513373164,0.01066408
418.0,0.0116161263322343,0.0108558285727062
419.0,0.01181862,0.0110538322293395
420.0,0.0120257152963429,0.0112532950876305
421.0,0.0122285390775532,0.0114419378987738
422.0,0.0124339833736298,0.01161306
423.0,0.0126219424400936,0.0117989721555183
424.0,0.0127993048098677,0.0119678864078353
425.0,0.0129691249606971,0.0121210114406899
426.0,0.0131316755238558,0.0122833838363442
427.0,0.0133050550176824,0.0124557257735655
428.0,0.0134823666584416,0.0126182478091675
429.0,0.01362894,0.0127438268289138
430.0,0.013752299603065,0.0128732971165606
431.0,0.0138696503155412,0.0129911318638771
432.0,0.01397461,0.0130862275030159
433.0,0.014066975215838,0.0131686579196863
434.0,0.014160572757185,0.0132431977949376
435.0,0.0142565682066228,0.01333327
436.0,0.0143451473287377,0.01342193
437.0,0.0144225714431519,0.0134990315499015
438.0,0.0144983921782565,0.01355716
439.0,0.0145670058049806,0.01369254
440.0,0.0146240416683586,0.013671236120589
441.0,0.0146738168440396,0.01373001
442.0,0.01473051,0.0137814548844207
443.0,0.0147908880287616,0.0138444073505166
444.0,0.0148441926154734,0.0139059447027384
445.0,0.0149007782464764,0.013958151424413
446.0,0.014951709288978,0.0140014404878327
447.0,0.0149945664139348,0.0140318323511363
448.0,0.0150393920806692,0.0140676643093172
449.0,0.0150772123821445,0.0141089640189274
450.0,0.0151075234307346,0.0141569343406021
451.0,0.0151396872251397,0.0141868946773202
452.0,0.0151712616508346,0.014202091386198
453.0,0.015195593332885,0.0142213345675449
454.0,0.01521029,0.0142376593535431
455.0,0.0152281221708026,0.0142518030389841
456.0,0.0152439267882863,0.0142742541767715
457.0,0.0152548386463102,0.0142879187713654
458.0,0.0152602608834904,0.0142863071899154
459.0,0.0152700381982266,0.0142912697482576
460.0,0.01527632,0.0142954928120755
461.0,0.0152845489354927,0.0143001429288328
462.0,0.01529715,0.0143193621334073
463.0,0.0153045821650447,0.01433482
464.0,0.015306352481597,0.0143394326938142
465.0,0.0153089665839733,0.0143299144880369
466.0,0.0153050588582436,0.0143298499980468
467.0,0.0153055167725643,0.0143355360162217
468.0,0.0153075947493793,0.0143327536400168
469.0,0.0153069099186397,0.0143288612150294
470.0,0.0153068168950765,0.0143346153189301
471.0,0.0153158202056811,0.0143415265659949
472.0,0.0153210803789531,0.0143434865540276
473.0,0.0153329906169781,0.014346651719583
474.0,0.0153424,0.0143588291583573
475.0,0.0153511211384454,0.0143734833068927
476.0,0.0153713003254964,0.0143852053371423
477.0,0.0153825015353717,0.01439598
478.0,0.0153793366607985,0.0144051174266264
479.0,0.0153800977133096,0.0144080133185241
480.0,0.0153806,0.0144056642298041
481.0,0.0153799358422289,0.0143945601820423
482.0,0.0153833035467474,0.0144031923958043
483.0,0.015398392695353,0.0144186445369787
484.0,0.0154239143199888,0.01443587
485.0,0.0154566439315244,0.0144568362272882
486.0,0.0154805018650464,0.0144856259531541
487.0,0.01549571,0.0145123134891569
488.0,0.0155169946412821,0.0145260241917102
489.0,0.0155519637815859,0.014553961460716
490.0,0.0155964792165158,0.01459299
491.0,0.01563895,0.01463299
492.0,0.01568428,0.0146804857652301
493.0,0.0157357643178412,0.0147384755898907
494.0,0.0158076,0.0148061071951408
495.0,0.01588955,0.0148846323452329
496.0,0.01597662,0.0149656490557806
497.0,0.01608083,0.01505531
498.0,0.0162031469954999,0.01516839
499.0,0.01634502603805,0.015300147370948
500.0,0.0165008860426612,0.0154528627881363
501.0,0.01667969,0.0156181351875219
502.0,0.0168736834221338,0.0158012
503.0,0.0170917345012368,0.01600602
504.0,0.01734288,0.0162450898507284
505.0,0.0176055530062988,0.01649939
506.0,0.01789993,0.016767854552498
507.0,0.0182376516834714,0.0170879034630954
508.0,0.0186127436758343,0.0174449957175627
509.0,0.01902489,0.0178289390935166
510.0,0.019469786598198,0.01824862
511.0,0.0199543,0.0187072794670316
512.0,0.02049827,0.019231655826993
513.0,0.0210938415641083,0.0197882185655652
514.0,0.0217408646465763,0.0203841715377999
515.0,0.0224467521766955,0.02104544
516.0,0.0231957365380521,0.02175224
517.0,0.02399168,0.02249864
518.0,0.0247685910234674,0.02323382
519.0,0.02551891,0.02393912
520.0,0.0263373437103875,0.0247035352327639
521.0,0.02722561,0.0255345351625216
522.0,0.0280847901484413,0.026353529964659
523.0,0.0289395951969215,0.0271391439547679
524.0,0.0298007817471647,0.0279472376202965
525.0,0.0306591130227145,0.0287600838708009
526.0,0.03148455,0.0295458562468953
527.0,0.03229894,0.03030196
528.0,0.03301861,0.03098481
529.0,0.0337052821987939,0.03162651
530.0,0.03434688,0.0322342
531.0,0.0349492565461763,0.03280057
532.0,0.03552047,0.03332151
533.0,0.03605118,0.0338154951643239
534.0,0.0365301360557934,0.03428584
535.0,0.03697271,0.0346879727061001
536.0,0.03735611,0.03504287
537.0,0.0376915342443546,0.03536695
538.0,0.03801009,0.03567514
539.0,0.03834099,0.0359669
540.0,0.03859459,0.0362261
541.0,0.0388532,0.0364693108159789
542.0,0.0390889231977617,0.0367140333178007
543.0,0.03931128,0.03691073
544.0,0.03952855,0.03710939
545.0,0.0397581153162285,0.03733226
546.0,0.0399776474434951,0.03752112
547.0,0.0401968443710547,0.03777297
548.0,0.0403805207636472,0.0379481348519426
549.0,0.04055322,0.0381073
550.0,0.0406677447387495,0.03819465
551.0,0.0407463704947794,0.03824631
552.0,0.04076179,0.0382645204058626
553.0,0.04073166,0.03828385275459
554.0,0.0406717,0.0382035855659475
555.0,0.04056318,0.03807447
556.0,0.04038613,0.0379121
557.0,0.0401674082831016,0.03773089
558.0,0.03987708,0.03746772
559.0,0.03954264,0.03711109
560.0,0.0392086177847103,0.03681217
561.0,0.03882944,0.03646285
562.0,0.0383960133118196,0.03604576
563.0,0.03793007,0.0355806447975567
564.0,0.0374136951032276,0.03512107
565.0,0.036863241421692,0.03464364
566.0,0.03630889,0.03412787
567.0,0.0357316454456197,0.03356467
568.0,0.03512125,0.03299425
569.0,0.0345260822681676,0.0324151817051408
570.0,0.03389603,0.03182919
571.0,0.03325327,0.0312358590127698
572.0,0.03268276,0.0306825688798463
573.0,0.0321414,0.0301862149204432
574.0,0.0316295504299182,0.0296896484336827
575.0,0.03114872,0.02925876
576.0,0.0306858640737254,0.0288436399830474
577.0,0.0302444039625676,0.0284208125962214
578.0,0.0298412793400523,0.02806028
579.0,0.0294785885376157,0.02769656
580.0,0.0291192621343788,0.02736213
581.0,0.028795804980564,0.0270310059618661
582.0,0.02850393,0.02675021
583.0,0.0282293350369105,0.02649484
584.0,0.0279613392118687,0.02624938
585.0,0.0277088621615397,0.02603248
586.0,0.0274813432360984,0.02580539
587.0,0.0272330693832142,0.0255784555311979
588.0,0.0270105347136155,0.0255707374251378
589.0,0.02682038,0.02518825
590.0,0.0266447722337016,0.0250352626113051
591.0,0.0264935213250828,0.02486577
592.0,0.0263511676952437,0.0247444304231137
593.0,0.0262342105752394,0.02462993
594.0,0.02611951,0.0245540232133889
595.0,0.0260175351857401,0.02445609
596.0,0.0259291503942485,0.02436392568961
597.0,0.0258407057630226,0.02426542
598.0,0.0257501062096486,0.024321794957487
599.0,0.02565757,0.02409048
600.0,0.02553884,0.0239937945877713
601.0,0.0254114197470102,0.0238821829637184
602.0,0.02527381,0.02376142
603.0,0.02511224,0.0235905650871089
604.0,0.0249210903506825,0.02340627
605.0,0.0247335,0.02323485
606.0,0.0245339577584374,0.0230489436379075
607.0,0.02431008,0.0228323402144611
608.0,0.02407984,0.022616539076176
609.0,0.02381497,0.02242124
610.0,0.0235553837915771,0.0223210540651303
611.0,0.0233090024047843,0.0220476537514618
612.0,0.02306561,0.0217087514741213
613.0,0.022808,0.0214271190583384
614.0,0.0225541582437217,0.0211833761145823
615.0,0.022326188824266,0.020971605981486
616.0,0.0221127411457176,0.02078551
617.0,0.02190127,0.02058638
618.0,0.02169463,0.02037951
619.0,0.0215260114634109,0.0203496393339573
620.0,0.0213786576586882,0.02023385
621.0,0.021245047494967,0.0199628716464307
622.0,0.0211196791452926,0.0198426072739467
623.0,0.021034322372432,0.0197647434756468
624.0,0.0209495986285461,0.0196778715629142
625.0,0.0208703218743976,0.0195884018109755
626.0,0.020826398862479,0.01958343
627.0,0.0207894868731632,0.0195313705058925
628.0,0.0207534600950648,0.0195558331547228
629.0,0.0207198724174907,0.0195189612084758
630.0,0.0206970654675204,0.0194952025373011
631.0,0.0206609773231899,0.01944567
632.0,0.02060199,0.0194808327293197
633.0,0.02051712,0.0193058520068394
634.0,0.0204165050606751,0.0192366403957024
635.0,0.0202934396879288,0.019185302107906
636.0,0.02015215,0.0189402748451582
637.0,0.0199976397308582,0.0187948875264122
638.0,0.01980765,0.0186223587640596
639.0,0.0196244558457805,0.01844678
640.0,0.0194157259383512,0.01832071
641.0,0.0191550280341671,0.017984271642129
642.0,0.0189062308582362,0.01790847
643.0,0.0186751634862771,0.0176618530878374
644.0,0.0185100736808476,0.0175585460844704
645.0,0.0183750008535436,0.0172591298523722
646.0,0.0181832557108705,0.0170950144490793
647.0,0.01800095,0.0169332254414769
648.0,0.0178411,0.0168062210822904
649.0,0.0176935970702674,0.0167895799303143
650.0,0.0175825605986772,0.0165350972314454
651.0,0.01749057,0.0164264835218531
652.0,0.0174098568342222,0.01637447
653.0,0.01734006,0.0164301233367533
654.0,0.0172578447233396,0.016317148448595
655.0,0.01716126,0.0161169188679259
656.0,0.01703695,0.016139828371227
657.0,0.0168842237393867,0.01590179
658.0,0.0167258152561942,0.01575705
659.0,0.0165660636547511,0.01557163
660.0,0.0164134194081904,0.0154508338178735
661.0,0.0162746113977338,0.0153782115219234
662.0,0.0161380434478137,0.0151994771904257
663.0,0.01601918,0.0150829053556289
664.0,0.0159246580763943,0.0149606
665.0,0.0158481220887714,0.0148866711390059
666.0,0.01578252,0.0149542060762322
667.0,0.0157288798170338,0.0148337195390811
668.0,0.01569446,0.0148255936797175
669.0,0.0156717016607254,0.0147843250333455
670.0,0.0156633853893033,0.0147492179244928
671.0,0.0156681031335075,0.0148330187920123
672.0,0.0156767088920107,0.0148466
673.0,0.01570125,0.0147511098259765
674.0,0.015740895906209,0.0147823730107821
675.0,0.01579424,0.0149147278919139
676.0,0.0158806299103489,0.0149331937931513
677.0,0.0159830018755455,0.0150517824176617
678.0,0.0160945176726342,0.0151529049411697
679.0,0.01623604,0.0153164772995406
680.0,0.0164256276482938,0.0154691162200099
681.0,0.0166528974725694,0.0157334895521701
682.0,0.0169047999657541,0.01589546
683.0,0.01725517,0.0162181391936436
684.0,0.0177473437063852,0.0168521689761058
685.0,0.01835668,0.01732392
686.0,0.0191060150187598,0.01801414
687.0,0.0198704197542794,0.0186829678054117
688.0,0.0206290354449984,0.0195410110870697
689.0,0.0215596252292204,0.0203407853919272
690.0,0.0227179,0.0213603233578264
691.0,0.0240013565231772,0.0227862797985472
692.0,0.0254991,0.0239827172512781
693.0,0.02738672,0.0257446673493935
694.0,0.02950376,0.02775594
695.0,0.03185094,0.0300735
696.0,0.03430937,0.0322368028754699
697.0,0.0368210010154022,0.03474001
698.0,0.03973962,0.03740368
699.0,0.04292737836095,0.0403891801288675
700.0,0.04619693,0.04355219
701.0,0.04959471,0.04669665
702.0,0.05308581,0.04989977
703.0,0.05640762,0.0530635
704.0,0.05974383,0.05633107
705.0,0.06337597,0.05964656
706.0,0.06707758,0.06357204
707.0,0.07088186,0.06670993
708.0,0.07479673,0.07108357
709.0,0.07882744,0.0744402
710.0,0.08300301,0.0780217
711.0,0.08702931,0.08192995
712.0,0.09116826,0.08571778
713.0,0.09569844,0.09016188
714.0,0.100274359816819,0.09447233
715.0,0.105100110812998,0.09934805
716.0,0.11036015449731,0.103991559696283
717.0,0.116212338684498,0.109504945995107
718.0,0.122515454628746,0.115366758555628
719.0,0.128830761724251,0.121642026220169
720.0,0.13501436,0.127244818742633
721.0,0.140854522212696,0.132687864875914
722.0,0.14667657315203,0.138157262190232
723.0,0.153333278947711,0.14451258457854
724.0,0.160513699873712,0.151224748477233
725.0,0.167677855756383,0.158425765180034
726.0,0.175095512257949,0.165184239505106
727.0,0.18266466286686,0.171991421300492
728.0,0.190423836435809,0.179647515493819
729.0,0.198342045343771,0.186794668631194
730.0,0.206300334859956,0.193866198325246
731.0,0.214204623819864,0.201577199993678
732.0,0.221999422319565,0.208827174924384
733.0,0.229563174422478,0.216619259006939
734.0,0.237226144471261,0.224397058634169
735.0,0.244983274653647,0.233764882240256
736.0,0.25264623,0.238417500066787
737.0,0.260227462456639,0.246424985457553
738.0,0.267817676175839,0.252615903374879
739.0,0.275085196037612,0.259510416096973
740.0,0.282173682604642,0.265110207720901
741.0,0.288945091344022,0.271766234111175
742.0,0.295511391238223,0.279122244443063
743.0,0.301562773219402,0.284905500832908
744.0,0.307445952647907,0.290309320883303
745.0,0.313038806748607,0.295833157181232
746.0,0.318251902104839,0.303386606990881
747.0,0.323205790684791,0.304783927674455
748.0,0.327993609790947,0.309708351409197
749.0,0.332227708662998,0.313744654546036
750.0,0.336578885995103,0.31774744569768
751.0,0.340395544584981,0.321582864058003
752.0,0.343712928883643,0.325090684848402
753.0,0.346968371444154,0.32992128
754.0,0.349733500867656,0.330098469185113
755.0,0.351920393173956,0.332164661210897
756.0,0.353970619139472,0.334316904689993
757.0,0.355836197171503,0.335837379548908
758.0,0.357205365377264,0.338314723206036
759.0,0.35867918825323,0.338569988244353
760.0,0.360619497093042,0.340526820701943
761.0,0.362143202340041,0.341797144718595
762.0,0.363754063492627,0.342853401585528
763.0,0.365602483065949,0.348375128831482
764.0,0.367430443303112,0.346889015350117
765.0,0.368855951522178,0.347784019059998
766.0,0.370057813892182,0.348495422935196
767.0,0.371388366542621,0.350675877603112
768.0,0.372287581168028,0.3518882383714
769.0,0.37297384943683,0.352796773186432
770.0,0.374230257539451,0.353853709363845
771.0,0.374562573167208,0.354242761823976
772.0,0.375088734480645,0.355017940320128
773.0,0.375717517919517,0.353961714844237
774.0,0.376087197607916,0.354823332626101
775.0,0.376593491433586,0.356159583794785
776.0,0.377254249460734,0.35648836286331
777.0,0.377551142649246,0.357402969376195
778.0,0.378235106957186,0.35679544
779.0,0.378255277911708,0.357117193951667
780.0,0.378589320006247,0.357667671956202
781.0,0.379237845321348,0.357771225307666
782.0,0.379538605801393,0.358468778032639
783.0,0.37969893791068,0.359252269150477
784.0,0.379914920909056,0.359472276771897
785.0,0.380341298231124,0.358443723688277
786.0,0.380672158455789,0.36005927
787.0,0.380730544797556,0.359165701612242
788.0,0.380971308614723,0.359558838095041
789.0,0.381027802556516,0.360504473991795
790.0,0.381625322588192,0.359971065405052
791.0,0.381586975316606,0.359971440734929
792.0,0.38162594544223,0.361439437334434
793.0,0.382065963225358,0.360608362748668
794.0,0.382554452312261,0.361831959174117
795.0,0.38287513,0.36190914903533
796.0,0.382917807732012,0.361326781295958
797.0,0.382893565189799,0.363460118456117
798.0,0.383418383627921,0.36271971112889
799.0,0.383323515456598,0.36303943828096
800.0,0.38321415301228,0.36438310249271
801.0,0.38406385501521,0.363042491942035
802.0,0.384127328452647,0.363972662195499
803.0,0.384070313531139,0.362083165128447
804.0,0.384600362174906,0.362220317215562
805.0,0.38488111,0.364306033759252
806.0,0.385017119756777,0.365583389759554
807.0,0.384794386595505,0.364764652437922
808.0,0.385105166472087,0.364767453669507
809.0,0.3852982,0.362761602843838
810.0,0.385276304324536,0.363521267974208
811.0,0.385364467553826,0.363084395345187
812.0,0.385465028952118,0.364248095694868
813.0,0.385216355829156,0.363615525335601
814.0,0.384984620856153,0.363816218579432
815.0,0.385257543314949,0.362996459137966
816.0,0.385047624516189,0.364418126595748
817.0,0.385469679799212,0.364873965340803
818.0,0.38529623697518,0.36352759782569
819.0,0.386064513113867,0.363049920594852
820.0,0.385839022238419,0.364895353378129
821.0,0.386110769110613,0.364960946892502
822.0,0.386361662558632,0.364867499766312
823.0,0.386479915314217,0.365128806398727
824.0,0.386759779203445,0.365398638252719
825.0,0.386692946196102,0.365650321930436
826.0,0.386543193287298,0.365319321576364
827.0,0.386386809595681,0.365528057649005
828.0,0.386735461546439,0.365321070474624
829.0,0.386823386161658,0.3655482
830.0,0.386308520162555,0.3657755112241
831.0,0.387039971081396,0.365493080639063
832.0,0.386947761856498,0.365881941779972
833.0,0.387449498365347,0.365667479017941
834.0,0.387293122067106,0.36611099881838
835.0,0.387745091189806,0.366107564555447
836.0,0.388125541853093,0.36623795807955
837.0,0.387695880161054,0.366762988303542
838.0,0.38775139335192,0.366784956171765
839.0,0.38857177835969,0.367008472787873
840.0,0.388673016240574,0.367209793129033
841.0,0.388654094382831,0.367406693567187
842.0,0.388770487144881,0.367470991835647
843.0,0.38914600310445,0.367430332739025
844.0,0.389090945790539,0.367905621427445
845.0,0.389179550457978,0.3679625342092
846.0,0.38928256,0.367662571324593
847.0,0.389583699331942,0.368349499027896
848.0,0.389849340238945,0.368079721961086
849.0,0.389548792053937,0.36857130046162
850.0,0.390109981506191,0.368189990776711
851.0,0.389915496241172,0.368219938086415
852.0,0.389843771467156,0.368631477350667
853.0,0.390169917163285,0.368740034153106
854.0,0.390744532382545,0.368760176758611
855.0,0.390238303297176,0.368788288198341
856.0,0.39082067221477,0.369156276983576
857.0,0.390516550460486,0.369288640581178
858.0,0.390675432011913,0.369210785662853
859.0,0.390380677160346,0.36941779583544
860.0,0.390723958915475,0.369398941819499
861.0,0.391400444527886,0.369320590436362
862.0,0.39156883,0.369738097159526
863.0,0.39152137,0.369811138105567
864.0,0.391526487763986,0.369818415679688
865.0,0.39147655,0.369987675923468
866.0,0.39150565693777,0.369868798232054
867.0,0.391462201446142,0.370017546595928
868.0,0.391759653895789,0.370095858471752
869.0,0.39177773420618,0.370305907979453
870.0,0.391786721223946,0.370341566914089
871.0,0.391932120043768,0.370159394863347
872.0,0.392015042370216,0.370318857807949
873.0,0.392073782961383,0.37028830668922
874.0,0.392099592160296,0.370275892174035
875.0,0.392130290756271,0.370455085034065
876.0,0.392174649487145,0.370367873226004
877.0,0.392120900042128,0.370614554068055
878.0,0.39220380225153,0.370458018096861
879.0,0.392154602210553,0.370250076560056
880.0,0.39216644,0.370507163358327
881.0,0.39217659011909,0.370345420455221
882.0,0.392098118309536,0.370420996407623
883.0,0.392066436564935,0.37051536935833
884.0,0.392138130647111,0.37038738
885.0,0.392119831996448,0.370425292125136
886.0,0.39195895146693,0.370036523616322
887.0,0.391944017592735,0.37021085
888.0,0.391980682713164,0.370167340797013
889.0,0.391916085711617,0.37011183
890.0,0.391781377771165,0.370091089512126
891.0,0.391517495912964,0.369748221386094
892.0,0.391213700888766,0.369579015591832
893.0,0.390876392528881,0.368882393374322
894.0,0.390434740474186,0.36834059
895.0,0.389830634647289,0.368047240470842
896.0,0.389287713308094,0.367464494074247
897.0,0.388998233459772,0.367207746048891
898.0,0.388771673696785,0.366818701868024
899.0,0.388593082860678,0.366628114131416
900.0,0.388713756374918,0.36682023
901.0,0.388900250378412,0.366863884247826
902.0,0.38908657,0.367177423573777
903.0,0.389171912929651,0.367238249681706
904.0,0.389148433100256,0.367212854331929
905.0,0.38887412582503,0.366887218408375
906.0,0.388426070899152,0.36619243090764
907.0,0.388016043675873,0.36587793
908.0,0.387815790436628,0.365724483031906
909.0,0.38759166,0.365441767837727
910.0,0.387347092099041,0.365233147065317
911.0,0.387287110895485,0.364953886526022
912.0,0.387011139486414,0.3647403
913.0,0.3866571677082,0.364312950621864
914.0,0.38668444005007,0.364337350554356
915.0,0.386558352781947,0.364112742643213
916.0,0.38644195,0.363980495192017
917.0,0.386464222391901,0.364293955194598
918.0,0.38629247462304,0.364280232153435
919.0,0.386275883553037,0.364264729388114
920.0,0.386340130863816,0.36395070741568
921.0,0.386079470702786,0.363437187287718
922.0,0.38549366762979,0.36304686098285
923.0,0.385125407627078,0.362650836053433
924.0,0.384630363426347,0.362238958955036
925.0,0.383670880180427,0.361497198286376
926.0,0.382769612717802,0.360361023166805
927.0,0.381807964291127,0.35903986028722
928.0,0.38026594,0.35734075
929.0,0.37820686750986,0.35558494825683
930.0,0.375718486436459,0.353282106615052
931.0,0.372825256513865,0.350425219656747
932.0,0.37012281350695,0.348049530025217
933.0,0.367957375236265,0.345250611003696
934.0,0.366758131240104,0.343934702636719
935.0,0.366172016666852,0.344022866647416
936.0,0.365685783827564,0.343783637426935
937.0,0.365984157688589,0.343618917614505
938.0,0.365792620697376,0.343941658173784
939.0,0.365682382986206,0.34404021633506
940.0,0.365668316728816,0.34325768
941.0,0.36390431,0.341814196811777
942.0,0.362209230960358,0.34036812338066
943.0,0.360199156465253,0.338954325132965
944.0,0.35877224389507,0.337530156824142
945.0,0.357737811743336,0.336371821856338
946.0,0.357043357004577,0.335410383207138
947.0,0.355774962538606,0.334522352729105
948.0,0.353899067560186,0.333557979060579
949.0,0.352482109499583,0.332067380316315
950.0,0.35062845406033,0.330200481060616
951.0,0.349849707149503,0.329142058047598
952.0,0.348337350263524,0.327674416327249
953.0,0.346489914728678,0.326531086023234
954.0,0.344979622369295,0.324733117902728
955.0,0.343874230668018,0.323270347694758
956.0,0.342738658189943,0.32271892943414
957.0,0.34120489179531,0.321499061761769
958.0,0.339748214070993,0.320248846657532
959.0,0.339095286476467,0.319128006655441
960.0,0.33882276385596,0.31854312303189
961.0,0.338369213152595,0.3180348424546
962.0,0.337586491620864,0.31864991401861
963.0,0.337404552316853,0.318404017145293
964.0,0.337537196346471,0.317839407679947
965.0,0.337173114313002,0.317908935754821
966.0,0.337040321207401,0.317689534561267
967.0,0.337512777196688,0.318197993013089
968.0,0.336908566786506,0.318000880057896
969.0,0.33647335,0.317106844867641
970.0,0.336287899261174,0.316344406936664
971.0,0.335120577015484,0.316037614781199
972.0,0.335753702735198,0.315348650995018
973.0,0.332873681108135,0.314986020436617
974.0,0.334633584179105,0.31465516514977
975.0,0.334265411557336,0.314587790904438
976.0,0.334290734573224,0.314254521734002
977.0,0.334231148721108,0.3146795287306
978.0,0.334856707637481,0.314785648694069
979.0,0.33489191,0.3151945
980.0,0.333874165289944,0.314256443692924
981.0,0.33574894331348,0.3153438
982.0,0.33536841978297,0.31512479209816
983.0,0.334109368830119,0.315014986580922
984.0,0.334318530852251,0.314825640352336
985.0,0.333591037691719,0.314616600693369
986.0,0.33416293,0.314685130068412
987.0,0.334666621886837,0.314512081472607
988.0,0.333867284294173,0.314514755162773
989.0,0.334703247797472,0.314679587383963
990.0,0.33517987435278,0.315376131319226
991.0,0.334447380854456,0.314801664931815
992.0,0.333880335663506,0.313805866308823
993.0,0.334971138427288,0.31328683414484
994.0,0.334816557403528,0.314956803734793
995.0,0.333964790707501,0.315528528610259
996.0,0.333680950832625,0.314275780792264
997.0,0.33396011386906,0.313508537714005
998.0,0.334692362475596,0.315113783525491
999.0,0.336023806257763,0.3171550304554
1000.0,0.338984130203745,0.319844046242899
