wvl,R_WP1,u_r_WP1,u_s_WP1,u_c_WP1
400.0,0.00920619,7.14806041227654e-05,0.00094002,0.00094274
401.0,0.00929524,7.20820064920984e-05,0.0009505,0.00095323
402.0,0.00939191,7.18823841934371e-05,0.0009803,0.00098293
403.0,0.00953127,7.18960451166558e-05,0.00098398,0.0009866
404.0,0.00962109,7.19342263435311e-05,0.00099598,0.00099857
405.0,0.00980877,7.2379686732711e-05,0.00101877,0.00102134
406.0,0.00988644,7.25951518805022e-05,0.00104555,0.00104807
407.0,0.01006169,7.23963186010768e-05,0.00106027,0.00106274
408.0,0.01027663,7.36126245327892e-05,0.0010774,0.00107991
409.0,0.01037972,7.38100261914265e-05,0.00110051,0.00110298
410.0,0.01063386,7.27236300206993e-05,0.00112989,0.00113222
411.0,0.0107678,7.41713805308858e-05,0.00115313,0.00115551
412.0,0.01096868,7.38128075980848e-05,0.00116799,0.00117032
413.0,0.01130889,7.45343892326525e-05,0.00118497,0.00118732
414.0,0.01145321,7.34555631423234e-05,0.00122394,0.00122614
415.0,0.01161446,7.41859404717286e-05,0.00125127,0.00125347
416.0,0.01180443,7.43933100945159e-05,0.00127276,0.00127493
417.0,0.01207007,7.48075230125793e-05,0.00129814,0.0013003
418.0,0.01227872,7.5003400012895e-05,0.00132306,0.00132518
419.0,0.0125254,7.48537666498104e-05,0.00135247,0.00135454
420.0,0.01277934,7.4819388832215e-05,0.00138327,0.00138529
421.0,0.01297753,7.53497274568838e-05,0.00140926,0.00141128
422.0,0.01319384,7.4845064126388e-05,0.00142938,0.00143133
423.0,0.01341346,7.53988478419043e-05,0.00145218,0.00145413
424.0,0.01359155,7.65202212234209e-05,0.00148148,0.00148346
425.0,0.01377769,7.4942207151605e-05,0.00150951,0.00151137
426.0,0.01401588,7.62036406239425e-05,0.00152359,0.00152549
427.0,0.01424501,7.62119788019829e-05,0.0015379,0.00153979
428.0,0.01440974,7.56373943871127e-05,0.00156517,0.00156699
429.0,0.01455828,7.60659024894004e-05,0.0015968,0.00159861
430.0,0.01474954,7.62281838846243e-05,0.00161813,0.00161993
431.0,0.01492835,7.59546613378463e-05,0.00163268,0.00163445
432.0,0.01504399,7.72309171537364e-05,0.0016519,0.00165371
433.0,0.0151607,7.73600682432035e-05,0.00166813,0.00166992
434.0,0.01527326,7.7659022330516e-05,0.00168748,0.00168926
435.0,0.01539219,7.68365721553927e-05,0.00170778,0.0017095
436.0,0.01550225,7.75567518411842e-05,0.00171685,0.0017186
437.0,0.01559895,7.68347199616409e-05,0.00173194,0.00173364
438.0,0.01566221,7.76017463966764e-05,0.00174738,0.0017491
439.0,0.01581139,7.77020445954734e-05,0.00175547,0.00175719
440.0,0.01579898,7.85994252748638e-05,0.00176376,0.00176551
441.0,0.01588809,7.89310151939222e-05,0.00177193,0.00177369
442.0,0.01595687,7.81241624727873e-05,0.00178161,0.00178332
443.0,0.0160234,7.84748404127286e-05,0.00179468,0.0017964
444.0,0.01608985,7.78613051769343e-05,0.00180481,0.00180649
445.0,0.01614452,7.85595912555626e-05,0.00181138,0.00181308
446.0,0.01619031,7.96638647042877e-05,0.00181546,0.00181721
447.0,0.01623367,7.85433717162936e-05,0.00182376,0.00182545
448.0,0.01626608,7.92230616439341e-05,0.00182948,0.0018312
449.0,0.01630643,7.9183168427125e-05,0.00183563,0.00183733
450.0,0.0163725,7.91413095688592e-05,0.00184592,0.00184761
451.0,0.01642092,7.95543748187064e-05,0.00185128,0.00185299
452.0,0.01644447,7.9743682780255e-05,0.00185692,0.00185863
453.0,0.01646881,8.05043439173883e-05,0.00186279,0.00186453
454.0,0.01650166,7.98551016038536e-05,0.00186434,0.00186605
455.0,0.01652192,8.03248940712319e-05,0.00186613,0.00186786
456.0,0.01654016,8.08883197251462e-05,0.00186855,0.0018703
457.0,0.01654727,8.07883710633602e-05,0.00187196,0.00187371
458.0,0.01655001,8.10824552063054e-05,0.00187578,0.00187753
459.0,0.01656557,8.08185789764741e-05,0.0018786,0.00188034
460.0,0.01657228,8.12338644215497e-05,0.00187889,0.00188064
461.0,0.01655981,8.15968001434441e-05,0.00187832,0.00188009
462.0,0.01657334,8.13792249590764e-05,0.00188327,0.00188503
463.0,0.01658958,8.12439032720155e-05,0.00188294,0.00188469
464.0,0.01659113,8.15381344812224e-05,0.00187768,0.00187945
465.0,0.01655086,8.23015890833163e-05,0.00188266,0.00188445
466.0,0.01653029,8.30299136195656e-05,0.00188486,0.00188669
467.0,0.01653326,8.20558407276432e-05,0.00188336,0.00188514
468.0,0.01653812,8.30910456572947e-05,0.00188062,0.00188245
469.0,0.01652036,8.23199103036209e-05,0.00188577,0.00188757
470.0,0.01651939,8.19827931615502e-05,0.001887,0.00188878
471.0,0.01652485,8.27229397162875e-05,0.00188336,0.00188517
472.0,0.01650909,8.30226415027885e-05,0.00187912,0.00188095
473.0,0.01648687,8.33486637598755e-05,0.00188239,0.00188423
474.0,0.01649506,8.1910582491442e-05,0.00188529,0.00188707
475.0,0.01652808,8.27610981215586e-05,0.00188424,0.00188606
476.0,0.01652314,8.27636612984753e-05,0.00188599,0.00188781
477.0,0.01650728,8.27412303658333e-05,0.0018884,0.00189021
478.0,0.0164969,8.22656313389089e-05,0.00189017,0.00189196
479.0,0.01649007,8.24625060417404e-05,0.00189131,0.00189311
480.0,0.01649075,8.42821493268455e-05,0.00189222,0.00189409
481.0,0.01647917,8.39387265828693e-05,0.0018954,0.00189726
482.0,0.01648195,8.26364800614747e-05,0.00189769,0.00189949
483.0,0.01649317,8.414558494305e-05,0.00189079,0.00189266
484.0,0.01648888,8.29537348784719e-05,0.00188711,0.00188893
485.0,0.01648949,8.36716285891504e-05,0.00188894,0.00189079
486.0,0.01650842,8.47581270754454e-05,0.00189267,0.00189457
487.0,0.01651298,8.33756169793547e-05,0.00189327,0.00189511
488.0,0.01650147,8.4067407040081e-05,0.00189221,0.00189407
489.0,0.01649686,8.49712243331313e-05,0.00189296,0.00189487
490.0,0.01649767,8.43628798301376e-05,0.00189903,0.00190091
491.0,0.01653214,8.46649323822325e-05,0.00190299,0.00190487
492.0,0.01659866,8.40152366248449e-05,0.00190526,0.00190711
493.0,0.01667108,8.49609582942018e-05,0.00190716,0.00190906
494.0,0.01669922,8.45972530645217e-05,0.00191257,0.00191444
495.0,0.01675048,8.48656174526545e-05,0.00191866,0.00192053
496.0,0.01682548,8.58572808429997e-05,0.00192842,0.00193033
497.0,0.01690169,8.46898992095006e-05,0.00194307,0.00194491
498.0,0.01697208,8.57397326752123e-05,0.00194679,0.00194868
499.0,0.01707547,8.53315826113306e-05,0.00195598,0.00195784
500.0,0.01721205,8.62771430136146e-05,0.00197143,0.00197331
501.0,0.01733994,8.70471303967788e-05,0.00198218,0.00198409
502.0,0.01750398,8.6075241206161e-05,0.00199392,0.00199578
503.0,0.0177002,8.68841536833219e-05,0.0020132,0.00201508
504.0,0.01792337,8.61791130664454e-05,0.00204106,0.00204287
505.0,0.0181609,8.67766750572927e-05,0.00206439,0.00206621
506.0,0.01841552,8.67314561691847e-05,0.00208763,0.00208943
507.0,0.01871334,8.6413114363981e-05,0.00211456,0.00211633
508.0,0.01904402,8.70946710186551e-05,0.00214905,0.00215082
509.0,0.01941947,8.8712795243752e-05,0.00218356,0.00218536
510.0,0.01985155,8.7412696030496e-05,0.00222412,0.00222584
511.0,0.0203235,8.70972103473599e-05,0.00227286,0.00227452
512.0,0.0208272,8.71930549503091e-05,0.00232442,0.00232605
513.0,0.02137179,8.72910141022936e-05,0.00238289,0.00238449
514.0,0.02197254,8.7151908687828e-05,0.00244694,0.0024485
515.0,0.02265755,8.69282982655118e-05,0.0025161,0.0025176
516.0,0.02339101,8.82021179182865e-05,0.00259197,0.00259347
517.0,0.02417344,8.89076572659208e-05,0.00267567,0.00267714
518.0,0.02501988,8.75560764123281e-05,0.00276648,0.00276786
519.0,0.02594023,8.82642260307147e-05,0.00286549,0.00286685
520.0,0.02689083,8.7947125630558e-05,0.00296159,0.0029629
521.0,0.02784594,8.76183955260315e-05,0.00306094,0.0030622
522.0,0.02878194,8.82111059611795e-05,0.00316436,0.00316559
523.0,0.02973682,8.91552508255478e-05,0.00326891,0.00327012
524.0,0.03073126,8.92366895882606e-05,0.00336779,0.00336897
525.0,0.03174351,8.92055675376702e-05,0.00346588,0.00346703
526.0,0.03275953,8.90593970736442e-05,0.00357157,0.00357268
527.0,0.03372815,8.78652597377e-05,0.00366683,0.00366788
528.0,0.03464806,8.87356150683311e-05,0.00376132,0.00376236
529.0,0.0355467,8.97166609756667e-05,0.00386572,0.00386676
530.0,0.03638436,8.81652271049756e-05,0.00395764,0.00395862
531.0,0.03715051,8.87132026990017e-05,0.00403564,0.00403662
532.0,0.03785959,8.78839730660291e-05,0.00410693,0.00410787
533.0,0.03853882,8.80533649356624e-05,0.00417704,0.00417796
534.0,0.03916474,8.81205579361927e-05,0.00424052,0.00424144
535.0,0.03971931,8.79555107135677e-05,0.00430541,0.00430631
536.0,0.04024522,8.89861767816693e-05,0.00436872,0.00436962
537.0,0.04070716,9.01397178187242e-05,0.00441897,0.00441989
538.0,0.04110651,8.96839074640603e-05,0.00446108,0.00446198
539.0,0.04146987,8.90245281284229e-05,0.00450336,0.00450424
540.0,0.04181079,8.90368109371542e-05,0.00453976,0.00454063
541.0,0.04214275,8.91274840932503e-05,0.00457866,0.00457953
542.0,0.04248026,9.01759587674648e-05,0.00461959,0.00462047
543.0,0.04274254,8.99738716884963e-05,0.0046563,0.00465717
544.0,0.04298577,8.99369094132194e-05,0.00468131,0.00468217
545.0,0.04327016,8.92166202804299e-05,0.00471271,0.00471355
546.0,0.04350129,9.11369572247118e-05,0.00474307,0.00474395
547.0,0.04378466,8.96563954232124e-05,0.00477094,0.00477178
548.0,0.04398367,8.9783744246311e-05,0.00479697,0.00479781
549.0,0.04420163,9.00094092568258e-05,0.00482939,0.00483023
550.0,0.04436801,8.97634301148148e-05,0.00485761,0.00485844
551.0,0.04448191,8.96876921577811e-05,0.00487425,0.00487507
552.0,0.04457175,9.07905469375974e-05,0.0048855,0.00488634
553.0,0.04466367,9.18559432296257e-05,0.00489658,0.00489744
554.0,0.04461943,9.07767527384793e-05,0.00490389,0.00490473
555.0,0.04450461,8.93346366333265e-05,0.004894,0.00489482
556.0,0.04435057,9.1442349273607e-05,0.00487742,0.00487828
557.0,0.04417488,9.10559132739982e-05,0.00486015,0.00486101
558.0,0.04390431,9.05954576228257e-05,0.00483745,0.00483829
559.0,0.04350005,9.06652977385111e-05,0.00480171,0.00480256
560.0,0.04314995,9.09921157559841e-05,0.00476644,0.00476731
561.0,0.0427545,9.12297613732797e-05,0.00473032,0.0047312
562.0,0.04226936,9.08066173041632e-05,0.00468539,0.00468627
563.0,0.0417317,9.21394326978604e-05,0.00463701,0.00463793
564.0,0.04121111,9.11457516125355e-05,0.00458507,0.00458598
565.0,0.04067165,9.11612098103072e-05,0.00452983,0.00453074
566.0,0.04005477,9.20454335812933e-05,0.00446349,0.00446444
567.0,0.03937678,9.28012102545553e-05,0.0044004,0.00440137
568.0,0.03868291,9.18448941547672e-05,0.00433643,0.0043374
569.0,0.03794267,9.05987189392825e-05,0.00426405,0.00426501
570.0,0.03722023,9.21843930117979e-05,0.00418611,0.00418713
571.0,0.03652013,9.25439561559489e-05,0.00411139,0.00411243
572.0,0.03581297,9.15216072199264e-05,0.00404339,0.00404443
573.0,0.0351523,9.29059167565757e-05,0.00397798,0.00397906
574.0,0.03452908,9.28540492917346e-05,0.00391172,0.00391282
575.0,0.03397752,9.19753579838443e-05,0.00384828,0.00384938
576.0,0.03341493,9.25111420880905e-05,0.0037935,0.00379463
577.0,0.03285934,9.27157667172291e-05,0.00374109,0.00374224
578.0,0.03238739,9.37743491789217e-05,0.0036901,0.00369129
579.0,0.0319193,9.38205235750674e-05,0.00364207,0.00364328
580.0,0.03150935,9.23045596909102e-05,0.00359944,0.00360063
581.0,0.03109434,9.23224733621514e-05,0.00356184,0.00356304
582.0,0.03070494,9.31944232363948e-05,0.00352192,0.00352315
583.0,0.03034764,9.43798319868692e-05,0.00348018,0.00348146
584.0,0.0300325,9.22551208384192e-05,0.00344712,0.00344835
585.0,0.02973555,9.40411924961678e-05,0.00341441,0.00341571
586.0,0.02942953,9.37845545067294e-05,0.00338265,0.00338395
587.0,0.02917743,9.35831579902417e-05,0.00335141,0.00335271
588.0,0.02914929,9.39784451844554e-05,0.00332893,0.00333026
589.0,0.02866488,9.27239565797961e-05,0.00330743,0.00330873
590.0,0.02844822,9.43222745925694e-05,0.00328386,0.00328521
591.0,0.02820982,9.35219984542129e-05,0.00326905,0.00327039
592.0,0.02804944,9.37825416619408e-05,0.00325007,0.00325142
593.0,0.0279184,9.45497363083985e-05,0.00323158,0.00323296
594.0,0.0278348,9.49907603301093e-05,0.0032174,0.0032188
595.0,0.02770303,9.43735658239226e-05,0.00320988,0.00321127
596.0,0.02758703,9.49978598393609e-05,0.00319661,0.00319802
597.0,0.02748512,9.53911367132361e-05,0.00317625,0.00317768
598.0,0.02755154,9.56693595452047e-05,0.00316519,0.00316663
599.0,0.02728672,9.50040271708269e-05,0.00315361,0.00315504
600.0,0.02717593,9.41566746950447e-05,0.00313766,0.00313907
601.0,0.02704996,9.44914990174809e-05,0.00312071,0.00312214
602.0,0.02692001,9.42031189102312e-05,0.00310889,0.00311032
603.0,0.02674286,9.32670466082824e-05,0.00309339,0.00309479
604.0,0.0265546,9.44409154759819e-05,0.0030722,0.00307365
605.0,0.02635488,9.44767470659972e-05,0.00305085,0.00305231
606.0,0.02612388,9.58389054084361e-05,0.0030244,0.00302592
607.0,0.02585794,9.47260298549476e-05,0.00299539,0.00299689
608.0,0.02559875,9.48382267370363e-05,0.00296791,0.00296942
609.0,0.02538342,9.53454887422442e-05,0.00293507,0.00293661
610.0,0.0252495,9.54884182753183e-05,0.00290508,0.00290665
611.0,0.02489913,9.46547418837542e-05,0.0028763,0.00287786
612.0,0.02451194,9.5695585481546e-05,0.00284585,0.00284746
613.0,0.02418215,9.53716177929653e-05,0.00280842,0.00281004
614.0,0.02388808,9.51558917591489e-05,0.0027751,0.00277673
615.0,0.02361259,9.54273358396208e-05,0.00274924,0.00275089
616.0,0.0233576,9.60815973289073e-05,0.00272036,0.00272205
617.0,0.02311008,9.59586660976099e-05,0.00269467,0.00269638
618.0,0.02287627,9.45978149009957e-05,0.00266942,0.0026711
619.0,0.02284112,9.63529553518469e-05,0.00264434,0.00264609
620.0,0.02267735,9.49315586112237e-05,0.00262728,0.002629
621.0,0.02235641,9.5287284293841e-05,0.00261342,0.00261516
622.0,0.02222166,9.67064348942092e-05,0.00259742,0.00259922
623.0,0.02211267,9.58300531726053e-05,0.00257988,0.00258166
624.0,0.02201084,9.60093409285274e-05,0.0025687,0.00257049
625.0,0.02191591,9.5037473206272e-05,0.0025632,0.00256496
626.0,0.02190671,9.74752726388458e-05,0.00256115,0.00256301
627.0,0.02182199,9.5888596280269e-05,0.00255093,0.00255273
628.0,0.02184806,9.68016781145262e-05,0.00254796,0.0025498
629.0,0.02182235,9.65557044788521e-05,0.00254718,0.002549
630.0,0.02179479,9.68256824263301e-05,0.00253481,0.00253665
631.0,0.02176042,9.80901502389449e-05,0.00253429,0.00253619
632.0,0.02182956,9.6643389924798e-05,0.00253192,0.00253376
633.0,0.02164769,9.6750525171612e-05,0.00251869,0.00252055
634.0,0.02155196,9.67037665879066e-05,0.00250648,0.00250834
635.0,0.02148345,9.82083738706586e-05,0.00249172,0.00249366
636.0,0.02120066,9.72540469963846e-05,0.00247235,0.00247426
637.0,0.02103297,9.61984708073371e-05,0.00244993,0.00245182
638.0,0.02081576,9.74570258645457e-05,0.00242523,0.00242719
639.0,0.02056573,9.68883812719031e-05,0.00239671,0.00239867
640.0,0.02039869,9.73258053993687e-05,0.00236557,0.00236757
641.0,0.02004403,9.65935768592028e-05,0.00233417,0.00233616
642.0,0.01996099,9.77816316243989e-05,0.00230089,0.00230296
643.0,0.01966462,9.64853759768787e-05,0.00226775,0.0022698
644.0,0.01946042,9.74435605175259e-05,0.00223742,0.00223954
645.0,0.01896638,9.65433285057659e-05,0.00220485,0.00220696
646.0,0.01872349,9.73122477902751e-05,0.00217511,0.00217728
647.0,0.01851881,9.64596014834752e-05,0.00214919,0.00215135
648.0,0.01834374,9.8179949381604e-05,0.00212749,0.00212976
649.0,0.01827352,9.69807614039237e-05,0.0021003,0.00210254
650.0,0.0179237,9.77616738991212e-05,0.00207657,0.00207887
651.0,0.0177552,9.86132578559669e-05,0.00206287,0.00206523
652.0,0.01768542,9.814430339335e-05,0.00205248,0.00205482
653.0,0.01768961,9.82098224634831e-05,0.00204035,0.00204271
654.0,0.01751705,9.70879678380894e-05,0.00202564,0.00202796
655.0,0.01729184,9.81087340393029e-05,0.00200723,0.00200963
656.0,0.01729559,9.84482203496762e-05,0.00198495,0.00198739
657.0,0.01701142,9.71999851891442e-05,0.00196419,0.0019666
658.0,0.01681368,9.70608304562526e-05,0.00194567,0.00194809
659.0,0.01659544,9.86165984548647e-05,0.00192629,0.00192881
660.0,0.01641704,9.87709799541391e-05,0.00190072,0.00190328
661.0,0.01627883,9.79161964333901e-05,0.00187503,0.00187759
662.0,0.01605464,9.89053381000434e-05,0.00185484,0.00185747
663.0,0.01586104,9.67337498640642e-05,0.001834,0.00183654
664.0,0.01566129,9.67485154344843e-05,0.00181191,0.00181449
665.0,0.01553183,9.81331697496816e-05,0.00179198,0.00179466
666.0,0.01554547,9.83014352612621e-05,0.00177728,0.00178
667.0,0.01533989,9.75348383643804e-05,0.00176507,0.00176777
668.0,0.01527151,9.95873104522761e-05,0.00175333,0.00175616
669.0,0.01521251,9.85826329997295e-05,0.00174156,0.00174435
670.0,0.01516492,9.90873989773185e-05,0.0017375,0.00174032
671.0,0.01522088,9.82336363037654e-05,0.00173063,0.00173341
672.0,0.01519367,9.91179625727857e-05,0.00172147,0.00172432
673.0,0.01506684,9.90624451275761e-05,0.00171705,0.0017199
674.0,0.01510424,9.94838865571843e-05,0.00171915,0.00172202
675.0,0.01523624,9.90995524755037e-05,0.00172097,0.00172382
676.0,0.01522984,9.9891590965884e-05,0.00172397,0.00172686
677.0,0.01533217,0.00010039,0.00173341,0.00173632
678.0,0.01539835,9.86471563063452e-05,0.00174033,0.00174312
679.0,0.01553412,0.00010035,0.00174474,0.00174763
680.0,0.01567762,9.9352868472931e-05,0.00175106,0.00175387
681.0,0.01587472,9.93706410956474e-05,0.00176872,0.00177151
682.0,0.01598204,9.99402899588796e-05,0.00178922,0.00179201
683.0,0.01622436,9.8415013393746e-05,0.00181291,0.00181558
684.0,0.01670034,9.90581549844642e-05,0.00184375,0.00184641
685.0,0.01694261,9.92211659309048e-05,0.00188483,0.00188744
686.0,0.01743176,9.91075569786817e-05,0.00193994,0.00194247
687.0,0.01813419,9.91040094661352e-05,0.0020152,0.00201764
688.0,0.0190249,9.94043291291465e-05,0.00210192,0.00210427
689.0,0.01972872,9.92028338622361e-05,0.00219985,0.00220209
690.0,0.02056989,9.9957043899511e-05,0.00230903,0.00231119
691.0,0.02194104,0.00010017,0.00243679,0.00243885
692.0,0.02317901,9.99237357016073e-05,0.00260727,0.00260919
693.0,0.0249008,9.90864626034043e-05,0.00280863,0.00281038
694.0,0.02696798,9.87989423561091e-05,0.00303891,0.00304051
695.0,0.02941438,9.91194751118038e-05,0.00329929,0.00330078
696.0,0.03186499,9.99780600897133e-05,0.00358351,0.0035849
697.0,0.03482692,9.96718867628769e-05,0.00388592,0.0038872
698.0,0.03786998,9.95545638415468e-05,0.00421402,0.0042152
699.0,0.04120937,0.00010011,0.00456246,0.00456356
700.0,0.04489961,0.00010147,0.00493005,0.00493109
701.0,0.04864791,0.00010042,0.00531209,0.00531304
702.0,0.05246781,9.87100163117569e-05,0.00570046,0.00570131
703.0,0.05650609,0.00010136,0.00610152,0.00610236
704.0,0.06066554,9.89940468470558e-05,0.00649694,0.0064977
705.0,0.06462047,0.00010086,0.00688247,0.00688321
706.0,0.06930557,0.00010129,0.00727052,0.00727122
707.0,0.07313727,9.96576748188764e-05,0.00766894,0.00766959
708.0,0.07829748,0.00010099,0.00807422,0.00807485
709.0,0.08233558,0.0001018,0.0084851,0.00848571
710.0,0.08661223,0.00010119,0.00890501,0.00890559
711.0,0.091536,0.00010089,0.009332,0.00933254
712.0,0.09639332,0.00010071,0.00976792,0.00976844
713.0,0.10183484,0.00010097,0.0102161583197808,0.0102166572278271
714.0,0.10724127,0.00010072,0.0106747366512335,0.0106752118448993
715.0,0.11316391,0.00010074,0.0111463976843881,0.0111468529293959
716.0,0.11860192,0.00010042,0.0116386668276288,0.0116391
717.0,0.12478963,0.00010098,0.0121515893883548,0.0121520089910684
718.0,0.13148208,0.00010247,0.0127039733053017,0.0127043865868552
719.0,0.13924676,0.00010203,0.01328481,0.0132852038324027
720.0,0.14650962,0.00010163,0.0138472487612944,0.01384762
721.0,0.15366354,0.00010329,0.0143880928971316,0.0143884636138365
722.0,0.16061988,0.00010075,0.0148996044546162,0.0148999451041886
723.0,0.16829616,0.00010103,0.0154459113750581,0.0154462417532368
724.0,0.17669946,0.00010127,0.0160681,0.0160684174622294
725.0,0.1860017,0.00010132,0.0166921042201709,0.0166924117096389
726.0,0.19452175,0.00010231,0.0173028412732758,0.01730314
727.0,0.2030277,0.00010273,0.0179080886499177,0.0179083833159336
728.0,0.21259762,0.00010181,0.0185058474971529,0.01850613
729.0,0.22158021,0.00010171,0.01910919,0.0191094597992619
730.0,0.23051153,0.00010213,0.019706691550481,0.0197069561773098
731.0,0.2404027,0.00010247,0.0202924809168251,0.0202927396467544
732.0,0.24993393,0.00010151,0.02085987,0.02086012
733.0,0.26003545,0.00010256,0.0213934256597563,0.0213936714990448
734.0,0.27001122,0.00010202,0.021928077704302,0.02192832
735.0,0.2819766,0.00010121,0.02247257,0.0224728013933275
736.0,0.28839059,0.00010089,0.0230071410000493,0.0230073621982678
737.0,0.29888311,0.00010127,0.0235271197884705,0.02352734
738.0,0.30707715,0.00010177,0.0240346,0.02403482
739.0,0.31615329,0.00010294,0.0245119217105296,0.02451214
740.0,0.32367438,0.00010212,0.0249681539262999,0.02496836
741.0,0.33250194,0.00010176,0.02540269,0.0254029
742.0,0.34225739,0.0001033,0.0258408103299655,0.0258410168044549
743.0,0.35004241,0.00010247,0.0262215794676495,0.02622178
744.0,0.35736267,0.00010473,0.0265850247686268,0.02658523
745.0,0.36489909,0.00010362,0.0269350043556073,0.0269352
746.0,0.37496032,0.00010297,0.0272675988981797,0.027267793323951
747.0,0.37737225,0.00010272,0.0275796905483946,0.02757988
748.0,0.38408496,0.0001027,0.0278811892186031,0.0278813783785523
749.0,0.38977535,0.00010357,0.0281477376305929,0.0281479281690216
750.0,0.3950814,0.00010396,0.0284078141111384,0.0284080043174908
751.0,0.40008223,0.00010403,0.0286301031146755,0.02863029
752.0,0.40505156,0.00010436,0.028844,0.02884419
753.0,0.41162294,0.0001036,0.0290452597906632,0.0290454445668248
754.0,0.41240795,0.00010504,0.02921426,0.0292144447203593
755.0,0.41580204,0.00010422,0.02937111,0.0293712901810278
756.0,0.41962154,0.00010417,0.02955859,0.029558771134298
757.0,0.42282114,0.00010465,0.0297554840581331,0.029755668097221
758.0,0.4271104,0.00010513,0.0298887875136567,0.02988897
759.0,0.42896784,0.00010519,0.0300153498887842,0.03001553
760.0,0.43459812,0.0001061,0.03022217,0.0302223605776596
761.0,0.43844872,0.00010774,0.0305494627833513,0.0305496527816497
762.0,0.43885776,0.0001078,0.03068112,0.0306813078515895
763.0,0.4432677,0.00010863,0.0306369505582383,0.0306371431377673
764.0,0.43961478,0.00010736,0.0306269018702432,0.03062709
765.0,0.4391882,0.00010741,0.0306005891058849,0.0306007775968238
766.0,0.43908885,0.0001052,0.03057783,0.03057801
767.0,0.44123919,0.00010608,0.0305784814381303,0.03057867
768.0,0.44249038,0.00010582,0.0305743735651337,0.03057455667268
769.0,0.44358071,0.00010577,0.03056718,0.03056736
770.0,0.44489782,0.00010673,0.0306214298531757,0.0306216158419526
771.0,0.44540265,0.00010507,0.0306232681313312,0.0306234483868589
772.0,0.44645483,0.00010612,0.0306404360610431,0.03064062
773.0,0.44514929,0.0001057,0.03066311,0.0306632893159178
774.0,0.4462306,0.00010647,0.0306681433246389,0.03066833
775.0,0.44797212,0.00010488,0.03069714,0.03069732
776.0,0.44835915,0.00010709,0.0307355853186163,0.0307357718667528
777.0,0.44949104,0.0001061,0.030741777191087,0.03074196
778.0,0.44873182,0.00010569,0.0307803464174132,0.030780527868563
779.0,0.449098,0.00010585,0.03076987,0.0307700494618961
780.0,0.44980772,0.00010669,0.0307735629017939,0.0307737478379945
781.0,0.44997333,0.00010644,0.0308052720922318,0.03080546
782.0,0.45085066,0.00010669,0.0308202821364885,0.03082047
783.0,0.45187312,0.0001052,0.0308261414252789,0.0308263209250766
784.0,0.45224474,0.00010746,0.0308344309442041,0.03083462
785.0,0.4510536,0.00010581,0.03086547,0.03086565
786.0,0.45312022,0.00010784,0.0309054689048748,0.0309056570464637
787.0,0.45202828,0.00010681,0.0309049018872442,0.0309050864496523
788.0,0.45256652,0.0001078,0.03092103,0.03092121
789.0,0.45378231,0.00010628,0.0309281,0.0309282859358145
790.0,0.45304445,0.00010647,0.03096492,0.0309651006624228
791.0,0.45307653,0.00010852,0.03094017,0.0309403610527624
792.0,0.45501965,0.00010619,0.0309221076535566,0.03092229
793.0,0.45402075,0.00010758,0.0309448897171027,0.0309450767264487
794.0,0.45559662,0.00010725,0.03099348,0.0309936704521267
795.0,0.45566332,0.00010839,0.031015372233901,0.0310155616287873
796.0,0.45488998,0.00010594,0.03101083,0.03101101
797.0,0.45757241,0.00010751,0.0310042701852793,0.0310044565684423
798.0,0.45669037,0.00010842,0.03103823,0.0310384217164249
799.0,0.45715686,0.00010748,0.0310159422939482,0.031016128532478
800.0,0.45884822,0.00010774,0.03098524,0.0309854224550721
801.0,0.45712278,0.00010842,0.0310464080361622,0.0310465973405421
802.0,0.45824075,0.0001073,0.03105612,0.0310563
803.0,0.45579291,0.00010689,0.0310460853881616,0.03104627
804.0,0.45598577,0.00010854,0.0310727826466908,0.031072972216143
805.0,0.45863969,0.00010708,0.03107294,0.031073122814209
806.0,0.46030579,0.00010715,0.0310660080284605,0.0310661928108864
807.0,0.45938349,0.00010891,0.0310518727212207,0.0310520637229512
808.0,0.45951403,0.0001088,0.0311006260053074,0.03110082
809.0,0.45715909,0.00010916,0.0311109380183898,0.0311111295180107
810.0,0.45827345,0.00010744,0.0311183749685674,0.0311185604452145
811.0,0.4579177,0.00010744,0.03115477,0.031154954528372
812.0,0.45956498,0.00010821,0.03119774,0.0311979259725028
813.0,0.45886854,0.00010908,0.0311998,0.03119999
814.0,0.45927603,0.00010873,0.0311936026923967,0.0311937921963606
815.0,0.45831428,0.00010914,0.03121706,0.0312172493624277
816.0,0.4600019,0.00011074,0.03121098,0.0312111740689473
817.0,0.46044503,0.00010844,0.0312402160011531,0.0312404042219396
818.0,0.45868026,0.00010845,0.0312142892361839,0.0312144776325038
819.0,0.45809743,0.00010862,0.03128105,0.0312812434256145
820.0,0.46060165,0.00010898,0.03129199,0.03129218
821.0,0.46077645,0.00010888,0.0312895,0.03128969
822.0,0.46051453,0.0001094,0.0312483198875372,0.03124851
823.0,0.46047901,0.00010817,0.0312139170968198,0.0312141045331899
824.0,0.4608103,0.00010937,0.0312985,0.03129869
825.0,0.46130399,0.00010781,0.03133404,0.0313342235129201
826.0,0.46106134,0.00011092,0.03131125,0.0313114433524708
827.0,0.46130155,0.00010812,0.03125785,0.03125804
828.0,0.46093591,0.0001099,0.03127336,0.03127356
829.0,0.46109521,0.00010889,0.03128248,0.0312826733205987
830.0,0.46134239,0.00010983,0.03125006,0.03125026
831.0,0.46094654,0.0001099,0.03130674,0.03130694
832.0,0.46136694,0.00010889,0.03128993,0.03129012
833.0,0.46102648,0.00010863,0.03132559,0.03132578
834.0,0.46142991,0.00010907,0.0312991,0.03129929
835.0,0.46135052,0.00010962,0.03132381,0.031324002760324
836.0,0.46142398,0.00010923,0.0313344352573566,0.0313346256248541
837.0,0.46201536,0.0001095,0.03128237,0.031282566348319
838.0,0.46206264,0.00010858,0.0312770265230645,0.0312772150003937
839.0,0.46240058,0.00010906,0.03134144,0.03134163
840.0,0.46264083,0.00010957,0.0313386063135253,0.0313388
841.0,0.46283047,0.00010974,0.0313230316452516,0.0313232238772251
842.0,0.46291361,0.00010834,0.0313301740205861,0.03133036
843.0,0.46287069,0.0001088,0.0313534226719566,0.03135361
844.0,0.4634354,0.00010861,0.03132973,0.03132991
845.0,0.46356828,0.00010873,0.0313220184023015,0.031322207139017
846.0,0.46323289,0.00010895,0.03135166,0.03135185
847.0,0.46419787,0.00010927,0.03136997,0.03137016
848.0,0.46393851,0.00010929,0.03137638,0.03137657
849.0,0.46457045,0.00010894,0.0313490522003738,0.03134924
850.0,0.46413201,0.00010938,0.03140377,0.03140396
851.0,0.46425878,0.00010858,0.03139219,0.0313923813464003
852.0,0.46485951,0.00010904,0.03138337,0.0313835592985646
853.0,0.46497712,0.00011037,0.03139237,0.03139256
854.0,0.46486759,0.00011002,0.0314194019075762,0.03141959
855.0,0.46481925,0.00010801,0.03139404,0.03139422
856.0,0.46540566,0.00010878,0.0314755497171797,0.0314757376727034
857.0,0.46559758,0.00010963,0.0314898198169176,0.03149001
858.0,0.4654419,0.00011021,0.03148005,0.03148024
859.0,0.46574411,0.00010942,0.03141694,0.03141713
860.0,0.46572564,0.00010898,0.0314237758817355,0.03142396
861.0,0.4655342,0.00010993,0.03149839,0.03149858
862.0,0.46616916,0.00010926,0.0315207016207224,0.0315208909795238
863.0,0.46630539,0.00011113,0.0315168402517811,0.03151704
864.0,0.46639117,0.0001104,0.03150795,0.0315081475172146
865.0,0.46661446,0.00010994,0.03147943,0.0314796266235716
866.0,0.4664362,0.00010822,0.03144731,0.0314474978697697
867.0,0.46664831,0.00010981,0.03144058,0.03144077
868.0,0.4667044,0.0001094,0.03149475,0.03149494
869.0,0.46699286,0.0001105,0.03156705,0.03156724
870.0,0.46713528,0.00010931,0.0315731128700378,0.0315733
871.0,0.46695164,0.00010804,0.03155906,0.0315592462404345
872.0,0.46715802,0.00010878,0.03154509,0.03154528
873.0,0.4671978,0.00010961,0.03154267,0.031542855939629
874.0,0.46723761,0.00011001,0.0315427898217186,0.0315429816468939
875.0,0.4674189,0.00011084,0.03155311,0.0315533051305133
876.0,0.46727279,0.00011095,0.0315738,0.031573998194701
877.0,0.46755348,0.00011074,0.0315592553720894,0.0315594496468989
878.0,0.46740308,0.00011035,0.0315611206470173,0.0315613135696015
879.0,0.46731205,0.00010958,0.03157055,0.031570737414972
880.0,0.46766303,0.00011139,0.0315805,0.0315807
881.0,0.46742467,0.0001097,0.0315824634262159,0.0315826539285412
882.0,0.4675052,0.00011041,0.03159818,0.03159837
883.0,0.46768037,0.0001094,0.03162046,0.03162065
884.0,0.46755618,0.0001111,0.03161915,0.03161935
885.0,0.46760059,0.00011155,0.031598088231628,0.0315982851178113
886.0,0.46739186,0.00010987,0.03160797,0.0316081624407066
887.0,0.46761115,0.00011125,0.0316389800040049,0.0316391755880922
888.0,0.46747713,0.00010955,0.03165887,0.0316590617706256
889.0,0.46742638,0.00011075,0.03165784,0.0316580290278739
890.0,0.46748857,0.00010938,0.03168034,0.0316805287109282
891.0,0.4673237,0.00011031,0.03171024,0.03171043
892.0,0.46738424,0.00011122,0.03170884,0.03170904
893.0,0.46704672,0.00011178,0.03171185,0.03171205
894.0,0.46666954,0.00011092,0.0317022108809977,0.0317024049304899
895.0,0.46658881,0.00011166,0.03168049,0.03168068
896.0,0.46611787,0.00011053,0.0316751323441727,0.03167533
897.0,0.46587741,0.00011287,0.03166241,0.0316626119623464
898.0,0.4656286,0.00011118,0.03164746,0.03164766
899.0,0.46543479,0.00011336,0.03164509,0.03164529
900.0,0.46551185,0.00011127,0.03165616,0.03165636
901.0,0.46536956,0.00011468,0.03174727,0.03174748
902.0,0.46561682,0.0001112,0.03184865,0.03184884
903.0,0.4656559,0.00011118,0.0318906152055703,0.03189081
904.0,0.46583867,0.00011205,0.0318922871843687,0.0318924840336694
905.0,0.46584411,0.00011102,0.03187224,0.03187243
906.0,0.46549428,0.00011241,0.0318306848440295,0.0318308833204336
907.0,0.46520144,0.00011183,0.0317700757547291,0.03177027
908.0,0.46493377,0.00011258,0.03172138,0.03172158
909.0,0.46470241,0.00011271,0.03173513269129,0.03173533
910.0,0.46458425,0.00011294,0.03177569,0.03177589
911.0,0.46444603,0.00011163,0.03180339,0.03180359
912.0,0.46442353,0.00011163,0.03181856,0.03181876
913.0,0.46409514,0.00011137,0.03181018,0.03181038
914.0,0.46377558,0.00011173,0.0317900445781322,0.0317902409098533
915.0,0.46351944,0.00011364,0.03176799,0.03176819
916.0,0.46346157,0.00011322,0.03181226,0.03181246
917.0,0.46345635,0.00011272,0.03182962,0.03182982
918.0,0.46330117,0.00011192,0.03182986,0.03183006
919.0,0.46323086,0.00011196,0.03184503,0.03184523
920.0,0.46324407,0.00011228,0.0318301696955563,0.03183037
921.0,0.46276643,0.00011239,0.0318583918669052,0.03185859
922.0,0.46244815,0.00011162,0.0318796183901628,0.03187981
923.0,0.46196609,0.00011279,0.0318424683703266,0.0318426681370937
924.0,0.46135804,0.0001121,0.031855965923924,0.03185616
925.0,0.46093785,0.00011401,0.03185397,0.0318541770848713
926.0,0.46030272,0.00011348,0.03183576,0.03183596
927.0,0.45953931,0.00011229,0.03182881,0.0318290128162371
928.0,0.45858001,0.00011226,0.0317871917635035,0.031787389998384
929.0,0.45745089,0.00011378,0.03166768,0.03166789
930.0,0.45622158,0.00011414,0.03149098,0.03149118
931.0,0.4546789,0.00011449,0.03132545,0.03132566
932.0,0.45297474,0.00011343,0.03115787,0.0311580751962867
933.0,0.45102452,0.00011357,0.0310201852394414,0.03102039
934.0,0.44927063,0.00011457,0.0310375250291343,0.03103774
935.0,0.44773401,0.000115,0.0312945080311582,0.03129472
936.0,0.44641031,0.00011535,0.03142154,0.03142175
937.0,0.44572212,0.00011495,0.03160261,0.03160282
938.0,0.44525708,0.00011442,0.0317911736436951,0.03179138
939.0,0.44468624,0.00011354,0.03185181,0.03185201
940.0,0.4440381,0.00011608,0.03170842,0.03170863
941.0,0.44279828,0.00011489,0.03164917,0.03164937
942.0,0.44134535,0.00011305,0.03162878,0.03162899
943.0,0.44000428,0.00011545,0.0314682453778982,0.03146846
944.0,0.43841041,0.00011481,0.03125507,0.03125528
945.0,0.43674785,0.00011304,0.0311935570221489,0.03119376
946.0,0.43492261,0.0001135,0.03125168,0.03125188
947.0,0.43288587,0.00011487,0.03125231,0.03125252
948.0,0.43121889,0.00011429,0.0311995618717933,0.03119977
949.0,0.42936717,0.00011224,0.0311895886131163,0.03118979
950.0,0.42743943,0.00011409,0.0311693848586507,0.0311695936594898
951.0,0.42572674,0.00011425,0.0310731553246373,0.0310733653515866
952.0,0.42380126,0.00011329,0.0309989394751147,0.0309991465082397
953.0,0.42168514,0.00011293,0.03091141910289,0.0309116253753298
954.0,0.41962333,0.00011244,0.03082237,0.0308225765491305
955.0,0.41749115,0.0001144,0.0307614533335693,0.0307616660697814
956.0,0.41588211,0.00011543,0.0307654040769771,0.0307656206333014
957.0,0.41440294,0.00011279,0.03073079,0.030731
958.0,0.41279651,0.00011326,0.03063272,0.03063293
959.0,0.41147817,0.00011478,0.0305127079128501,0.0305129237956995
960.0,0.41053215,0.00011406,0.0304912709963874,0.0304914843272839
961.0,0.40960744,0.00011348,0.0304590423060583,0.0304592537129106
962.0,0.40887132,0.0001133,0.0304586385401113,0.03045885
963.0,0.40844527,0.00011316,0.0305376,0.03053781
964.0,0.40800568,0.00011209,0.0305094319438629,0.0305096378383182
965.0,0.40774778,0.00011438,0.03046242,0.0304626323821623
966.0,0.4074761,0.00011374,0.03046348,0.0304636918561786
967.0,0.40757961,0.0001117,0.0305290948321289,0.0305293
968.0,0.40735635,0.0001111,0.0305191814048006,0.03051938
969.0,0.40718452,0.00011191,0.03044274,0.0304429441319376
970.0,0.40715511,0.0001131,0.03037648,0.03037669
971.0,0.40688518,0.00011241,0.030368680665499,0.0303688887242758
972.0,0.40680472,0.00011102,0.0302850616885906,0.0302852651619519
973.0,0.40647403,0.00011162,0.03025384,0.030254043017701
974.0,0.40613463,0.00011275,0.0302498276581706,0.0302500377854805
975.0,0.40596302,0.00011345,0.0302397798169966,0.0302399926208916
976.0,0.40588264,0.0001127,0.0302459,0.0302461122658454
977.0,0.40603005,0.00011172,0.03027828,0.03027848
978.0,0.40631815,0.00011251,0.0303018949416744,0.0303021038187423
979.0,0.40645608,0.00011304,0.0303071186195094,0.03030733
980.0,0.40672422,0.00011347,0.0303272205351646,0.0303274328278426
981.0,0.406932,0.00011433,0.0303916,0.0303918193425598
982.0,0.4073824,0.00011347,0.03041101,0.030411225674004
983.0,0.40786497,0.00011268,0.03037354,0.0303737453854714
984.0,0.40815995,0.00011173,0.0303886066922514,0.0303888120728743
985.0,0.40857449,0.00011316,0.0304277788007143,0.030427989217784
986.0,0.4089058,0.00011311,0.03042669,0.0304268979387284
987.0,0.40929169,0.00011358,0.0303979238954091,0.0303981361052225
988.0,0.40985546,0.00011314,0.0304371547327334,0.0304373650305471
989.0,0.41034086,0.00011294,0.03044022,0.03044043
990.0,0.41085102,0.00011227,0.0304104537695237,0.0304106610270279
991.0,0.4112262,0.00011194,0.0304174020832066,0.03041761
992.0,0.41171295,0.00011294,0.0305290082767663,0.03052922
993.0,0.41238108,0.00011212,0.03055901,0.0305592137122291
994.0,0.41306471,0.00011318,0.0304892766397434,0.030489486701068
995.0,0.41361553,0.0001129,0.030470687548944,0.0304708967033947
996.0,0.41428886,0.00011219,0.0306215540892454,0.03062176
997.0,0.41478139,0.00011071,0.03060514,0.0306053360644017
998.0,0.41535383,0.00011254,0.0305438595723784,0.03054407
999.0,0.41592063,0.00011245,0.03051033,0.030510540402093
1000.0,0.41647897,0.000112,0.0305142228486614,0.0305144283912158
